
N+o+n+e,N+o+n+e,N+o+n+e,N+o+n+e,19:56:55,08/06/2021,persent
N+o+n+e,N+o+n+e,N+o+n+e,N+o+n+e,19:56:55,08/06/2021,persent
N+o+n+e,N+o+n+e,N+o+n+e,N+o+n+e,19:56:56,08/06/2021,persent
N+o+n+e,N+o+n+e,N+o+n+e,N+o+n+e,19:56:56,08/06/2021,persent
N+o+n+e,N+o+n+e,N+o+n+e,N+o+n+e,19:56:56,08/06/2021,persent
N+o+n+e,N+o+n+e,N+o+n+e,N+o+n+e,19:56:56,08/06/2021,persent
N+o+n+e,N+o+n+e,N+o+n+e,N+o+n+e,19:56:56,08/06/2021,persent
N+o+n+e,N+o+n+e,N+o+n+e,N+o+n+e,19:56:56,08/06/2021,persent
N+o+n+e,N+o+n+e,N+o+n+e,N+o+n+e,19:56:57,08/06/2021,persent
N+o+n+e,N+o+n+e,N+o+n+e,N+o+n+e,19:56:57,08/06/2021,persent
N+o+n+e,N+o+n+e,N+o+n+e,N+o+n+e,19:56:57,08/06/2021,persent
N+o+n+e,N+o+n+e,N+o+n+e,N+o+n+e,19:56:57,08/06/2021,persent
N+o+n+e,N+o+n+e,N+o+n+e,N+o+n+e,19:56:57,08/06/2021,persent
N+o+n+e,N+o+n+e,N+o+n+e,N+o+n+e,19:56:57,08/06/2021,persent
N+o+n+e,N+o+n+e,N+o+n+e,N+o+n+e,19:56:57,08/06/2021,persent
N+o+n+e,N+o+n+e,N+o+n+e,N+o+n+e,19:56:58,08/06/2021,persent
N+o+n+e,N+o+n+e,N+o+n+e,N+o+n+e,19:57:00,08/06/2021,persent
N+o+n+e,N+o+n+e,N+o+n+e,N+o+n+e,19:57:00,08/06/2021,persent
N+o+n+e,N+o+n+e,N+o+n+e,N+o+n+e,19:57:00,08/06/2021,persent
N+o+n+e,N+o+n+e,N+o+n+e,N+o+n+e,19:57:03,08/06/2021,persent
N+o+n+e,N+o+n+e,N+o+n+e,N+o+n+e,19:57:03,08/06/2021,persent
N+o+n+e,N+o+n+e,N+o+n+e,N+o+n+e,19:57:03,08/06/2021,persent
N+o+n+e,N+o+n+e,N+o+n+e,N+o+n+e,19:57:03,08/06/2021,persent
N+o+n+e,N+o+n+e,N+o+n+e,N+o+n+e,19:57:03,08/06/2021,persent
N+o+n+e,N+o+n+e,N+o+n+e,N+o+n+e,19:57:04,08/06/2021,persent
N+o+n+e,N+o+n+e,N+o+n+e,N+o+n+e,19:57:04,08/06/2021,persent
N+o+n+e,N+o+n+e,N+o+n+e,N+o+n+e,19:57:04,08/06/2021,persent
N+o+n+e,N+o+n+e,N+o+n+e,N+o+n+e,19:57:04,08/06/2021,persent
N+o+n+e,N+o+n+e,N+o+n+e,N+o+n+e,19:57:04,08/06/2021,persent
N+o+n+e,N+o+n+e,N+o+n+e,N+o+n+e,19:57:04,08/06/2021,persent
N+o+n+e,N+o+n+e,N+o+n+e,N+o+n+e,19:57:05,08/06/2021,persent
N+o+n+e,N+o+n+e,N+o+n+e,N+o+n+e,19:57:05,08/06/2021,persent
N+o+n+e,N+o+n+e,N+o+n+e,N+o+n+e,19:57:05,08/06/2021,persent
N+o+n+e,N+o+n+e,N+o+n+e,N+o+n+e,19:57:06,08/06/2021,persent
N+o+n+e,N+o+n+e,N+o+n+e,N+o+n+e,19:57:07,08/06/2021,persent
N+o+n+e,N+o+n+e,N+o+n+e,N+o+n+e,19:57:07,08/06/2021,persent
N+o+n+e,N+o+n+e,N+o+n+e,N+o+n+e,19:57:07,08/06/2021,persent
N+o+n+e,N+o+n+e,N+o+n+e,N+o+n+e,19:57:07,08/06/2021,persent
N+o+n+e,N+o+n+e,N+o+n+e,N+o+n+e,19:57:08,08/06/2021,persent
N+o+n+e,N+o+n+e,N+o+n+e,N+o+n+e,19:57:08,08/06/2021,persent
N+o+n+e,N+o+n+e,N+o+n+e,N+o+n+e,19:57:12,08/06/2021,persent
N+o+n+e,N+o+n+e,N+o+n+e,N+o+n+e,19:57:12,08/06/2021,persent
N+o+n+e,N+o+n+e,N+o+n+e,N+o+n+e,20:05:45,08/06/2021,persent
N+o+n+e,N+o+n+e,N+o+n+e,N+o+n+e,20:05:56,08/06/2021,persent
N+o+n+e,N+o+n+e,N+o+n+e,N+o+n+e,20:05:56,08/06/2021,persent
N+o+n+e,N+o+n+e,N+o+n+e,N+o+n+e,20:05:56,08/06/2021,persent
N+o+n+e,N+o+n+e,N+o+n+e,N+o+n+e,20:05:57,08/06/2021,persent
N+o+n+e,N+o+n+e,N+o+n+e,N+o+n+e,20:05:57,08/06/2021,persent
N+o+n+e,N+o+n+e,N+o+n+e,N+o+n+e,20:05:57,08/06/2021,persent
N+o+n+e,N+o+n+e,N+o+n+e,N+o+n+e,20:05:57,08/06/2021,persent
N+o+n+e,N+o+n+e,N+o+n+e,N+o+n+e,20:05:57,08/06/2021,persent
N+o+n+e,N+o+n+e,N+o+n+e,N+o+n+e,20:05:57,08/06/2021,persent
N+o+n+e,N+o+n+e,N+o+n+e,N+o+n+e,20:05:58,08/06/2021,persent
N+o+n+e,N+o+n+e,N+o+n+e,N+o+n+e,20:05:58,08/06/2021,persent
N+o+n+e,N+o+n+e,N+o+n+e,N+o+n+e,20:05:58,08/06/2021,persent
N+o+n+e,N+o+n+e,N+o+n+e,N+o+n+e,20:05:58,08/06/2021,persent
N+o+n+e,N+o+n+e,N+o+n+e,N+o+n+e,20:05:59,08/06/2021,persent
N+o+n+e,N+o+n+e,N+o+n+e,N+o+n+e,20:05:59,08/06/2021,persent
N+o+n+e,N+o+n+e,N+o+n+e,N+o+n+e,20:06:00,08/06/2021,persent
N+o+n+e,N+o+n+e,N+o+n+e,N+o+n+e,20:06:00,08/06/2021,persent
N+o+n+e,N+o+n+e,N+o+n+e,N+o+n+e,20:06:00,08/06/2021,persent
N+o+n+e,N+o+n+e,N+o+n+e,N+o+n+e,20:06:00,08/06/2021,persent
N+o+n+e,N+o+n+e,N+o+n+e,N+o+n+e,20:06:00,08/06/2021,persent
N+o+n+e,N+o+n+e,N+o+n+e,N+o+n+e,20:06:00,08/06/2021,persent
N+o+n+e,N+o+n+e,N+o+n+e,N+o+n+e,20:06:00,08/06/2021,persent
N+o+n+e,N+o+n+e,N+o+n+e,N+o+n+e,20:06:01,08/06/2021,persent
N+o+n+e,N+o+n+e,N+o+n+e,N+o+n+e,20:06:01,08/06/2021,persent
N+o+n+e,N+o+n+e,N+o+n+e,N+o+n+e,20:06:01,08/06/2021,persent
N+o+n+e,N+o+n+e,N+o+n+e,N+o+n+e,20:06:01,08/06/2021,persent
N+o+n+e,N+o+n+e,N+o+n+e,N+o+n+e,20:06:01,08/06/2021,persent
N+o+n+e,N+o+n+e,N+o+n+e,N+o+n+e,20:06:01,08/06/2021,persent
N+o+n+e,N+o+n+e,N+o+n+e,N+o+n+e,20:06:02,08/06/2021,persent
N+o+n+e,N+o+n+e,N+o+n+e,N+o+n+e,20:06:02,08/06/2021,persent
N+o+n+e,N+o+n+e,N+o+n+e,N+o+n+e,20:06:02,08/06/2021,persent
N+o+n+e,N+o+n+e,N+o+n+e,N+o+n+e,20:06:02,08/06/2021,persent
N+o+n+e,N+o+n+e,N+o+n+e,N+o+n+e,20:06:02,08/06/2021,persent
N+o+n+e,N+o+n+e,N+o+n+e,N+o+n+e,20:06:02,08/06/2021,persent
N+o+n+e,N+o+n+e,N+o+n+e,N+o+n+e,20:06:02,08/06/2021,persent
N+o+n+e,N+o+n+e,N+o+n+e,N+o+n+e,20:06:03,08/06/2021,persent
N+o+n+e,N+o+n+e,N+o+n+e,N+o+n+e,20:06:03,08/06/2021,persent
N+o+n+e,N+o+n+e,N+o+n+e,N+o+n+e,20:06:03,08/06/2021,persent
N+o+n+e,N+o+n+e,N+o+n+e,N+o+n+e,20:06:03,08/06/2021,persent
N+o+n+e,N+o+n+e,N+o+n+e,N+o+n+e,20:06:04,08/06/2021,persent
N+o+n+e,N+o+n+e,N+o+n+e,N+o+n+e,20:06:04,08/06/2021,persent
N+o+n+e,N+o+n+e,N+o+n+e,N+o+n+e,20:06:04,08/06/2021,persent
N+o+n+e,N+o+n+e,N+o+n+e,N+o+n+e,20:06:04,08/06/2021,persent
N+o+n+e,N+o+n+e,N+o+n+e,N+o+n+e,20:06:05,08/06/2021,persent
N+o+n+e,N+o+n+e,N+o+n+e,N+o+n+e,20:06:05,08/06/2021,persent
N+o+n+e,N+o+n+e,N+o+n+e,N+o+n+e,20:06:05,08/06/2021,persent
N+o+n+e,N+o+n+e,N+o+n+e,N+o+n+e,20:06:05,08/06/2021,persent
N+o+n+e,N+o+n+e,N+o+n+e,N+o+n+e,20:06:06,08/06/2021,persent
N+o+n+e,N+o+n+e,N+o+n+e,N+o+n+e,20:21:07,08/06/2021,persent
N+o+n+e,N+o+n+e,N+o+n+e,N+o+n+e,20:21:07,08/06/2021,persent
N+o+n+e,N+o+n+e,N+o+n+e,N+o+n+e,20:21:10,08/06/2021,persent
N+o+n+e,N+o+n+e,N+o+n+e,N+o+n+e,20:21:10,08/06/2021,persent
N+o+n+e,N+o+n+e,N+o+n+e,N+o+n+e,20:21:11,08/06/2021,persent
N+o+n+e,N+o+n+e,N+o+n+e,N+o+n+e,20:21:11,08/06/2021,persent
N+o+n+e,N+o+n+e,N+o+n+e,N+o+n+e,20:21:12,08/06/2021,persent
N+o+n+e,N+o+n+e,N+o+n+e,N+o+n+e,20:21:12,08/06/2021,persent
N+o+n+e,N+o+n+e,N+o+n+e,N+o+n+e,20:21:12,08/06/2021,persent
N+o+n+e,N+o+n+e,N+o+n+e,N+o+n+e,20:21:12,08/06/2021,persent
N+o+n+e,N+o+n+e,N+o+n+e,N+o+n+e,20:21:12,08/06/2021,persent
N+o+n+e,N+o+n+e,N+o+n+e,N+o+n+e,20:21:12,08/06/2021,persent
N+o+n+e,N+o+n+e,N+o+n+e,N+o+n+e,20:21:12,08/06/2021,persent
N+o+n+e,N+o+n+e,N+o+n+e,N+o+n+e,20:21:19,08/06/2021,persent
N+o+n+e,N+o+n+e,N+o+n+e,N+o+n+e,20:21:19,08/06/2021,persent
N+o+n+e,N+o+n+e,N+o+n+e,N+o+n+e,20:21:23,08/06/2021,persent
N+o+n+e,N+o+n+e,N+o+n+e,N+o+n+e,11:39:18,10/06/2021,persent
N+o+n+e,N+o+n+e,N+o+n+e,N+o+n+e,11:39:18,10/06/2021,persent
N+o+n+e,N+o+n+e,N+o+n+e,N+o+n+e,11:39:18,10/06/2021,persent
N+o+n+e,N+o+n+e,N+o+n+e,N+o+n+e,11:39:18,10/06/2021,persent
N+o+n+e,N+o+n+e,N+o+n+e,N+o+n+e,11:39:18,10/06/2021,persent
N+o+n+e,N+o+n+e,N+o+n+e,N+o+n+e,11:39:18,10/06/2021,persent
N+o+n+e,N+o+n+e,N+o+n+e,N+o+n+e,11:39:18,10/06/2021,persent
N+o+n+e,N+o+n+e,N+o+n+e,N+o+n+e,11:39:18,10/06/2021,persent
N+o+n+e,N+o+n+e,N+o+n+e,N+o+n+e,11:39:19,10/06/2021,persent
N+o+n+e,N+o+n+e,N+o+n+e,N+o+n+e,11:39:19,10/06/2021,persent
N+o+n+e,N+o+n+e,N+o+n+e,N+o+n+e,11:39:19,10/06/2021,persent
N+o+n+e,N+o+n+e,N+o+n+e,N+o+n+e,11:39:19,10/06/2021,persent
N+o+n+e,N+o+n+e,N+o+n+e,N+o+n+e,11:39:19,10/06/2021,persent
N+o+n+e,N+o+n+e,N+o+n+e,N+o+n+e,11:39:19,10/06/2021,persent
N+o+n+e,N+o+n+e,N+o+n+e,N+o+n+e,11:39:19,10/06/2021,persent
N+o+n+e,N+o+n+e,N+o+n+e,N+o+n+e,11:39:19,10/06/2021,persent
N+o+n+e,N+o+n+e,N+o+n+e,N+o+n+e,11:39:20,10/06/2021,persent
N+o+n+e,N+o+n+e,N+o+n+e,N+o+n+e,11:39:20,10/06/2021,persent
N+o+n+e,N+o+n+e,N+o+n+e,N+o+n+e,11:39:20,10/06/2021,persent
N+o+n+e,N+o+n+e,N+o+n+e,N+o+n+e,11:39:20,10/06/2021,persent
N+o+n+e,N+o+n+e,N+o+n+e,N+o+n+e,11:39:20,10/06/2021,persent
N+o+n+e,N+o+n+e,N+o+n+e,N+o+n+e,11:39:20,10/06/2021,persent
N+o+n+e,N+o+n+e,N+o+n+e,N+o+n+e,11:39:20,10/06/2021,persent
N+o+n+e,N+o+n+e,N+o+n+e,N+o+n+e,11:39:21,10/06/2021,persent
N+o+n+e,N+o+n+e,N+o+n+e,N+o+n+e,11:39:21,10/06/2021,persent
N+o+n+e,N+o+n+e,N+o+n+e,N+o+n+e,11:39:21,10/06/2021,persent
N+o+n+e,N+o+n+e,N+o+n+e,N+o+n+e,11:39:21,10/06/2021,persent
N+o+n+e,N+o+n+e,N+o+n+e,N+o+n+e,11:39:21,10/06/2021,persent
N+o+n+e,N+o+n+e,N+o+n+e,N+o+n+e,11:39:21,10/06/2021,persent
N+o+n+e,N+o+n+e,N+o+n+e,N+o+n+e
123,1542,abc,IT,12:19:24,10/06/2021,persent+'+,+),(+'+I+T+'+,+),12:12:20,10/06/2021,persent
